{"global_constraints": [], "catalog": null, "parts": [{"class_type": "Part", "dim": 29.052716951805341, "conn_on_parent": null, "parent": null, "connections": [{"part": "joint", "plane": {"yaxis": [-0.0, -1.0, -1.8369701987210297e-16], "xaxis": [0.0, 1.8369701987210297e-16, -1.0], "origin": [-256.39548937157923, -1865.0, 8.9999967640698273]}, "type": "V", "id": 0}, {"part": "joint", "plane": {"yaxis": [-6.1232332146268395e-17, 1.0, -1.0605752838223057e-16], "xaxis": [-0.49999993621753414, -1.2246467991473532e-16, -0.86602544060925934], "origin": [-226.74634233266505, -1864.9999999999995, 8.9999967640698273]}, "type": "D", "id": 1}], "conn_to_parent": null, "children": [], "transform": {"M33": 1.0, "M00": 1.0, "M10": 0.0, "M02": 0.0, "M11": 1.0, "M20": 0.0, "M21": 0.0, "M23": 0.0, "M30": 0.0, "M12": 0.0, "M22": 1.0, "M01": 0.0, "M31": 0.0, "M13": 0.0, "M32": 0.0, "M03": 0.0}, "collider": {"connections": [], "check_all": false, "valid_connections": [], "multiple": false, "geometry": [{"faces": [[6, 5, 7], [5, 1, 7], [6, 0, 5], [4, 2, 6], [4, 7, 3], [6, 7, 4], [8, 11, 10, 12], [12, 10, 9], [15, 16, 17], [14, 13, 16, 15], [18, 19, 21, 23], [20, 22, 23, 21], [29, 27, 26, 24], [28, 26, 27, 25], [30, 34, 35, 31], [33, 35, 34, 32]], "vertices": [[-256.39431762695312, -1884.9989013671875, 17.998842239379883], [-221.55140686035156, -1884.99853515625, 17.999288558959961], [-256.39431762695312, -1845.0010986328125, 17.998842239379883], [-221.55140686035156, -1845.00146484375, 17.999288558959961], [-238.97283935546875, -1845.00146484375, 17.998582839965820], [-238.97283935546875, -1884.99853515625, 17.998582839965820], [-256.39407348632812, -1865.0, 17.998582839965820], [-221.55192565917969, -1865.0, 17.998996734619141], [-256.39431762695312, -1845.0010986328125, 0.0011514646466821432], [-221.55140686035156, -1845.00146484375, 17.999288558959961], [-238.97283935546875, -1845.00146484375, 17.998582839965820], [-256.39431762695312, -1845.0010986328125, 17.998842239379883], [-231.943359375, -1845.0009765625, 0.0014967641327530146], [-256.39431762695312, -1884.9989013671875, 0.0011514646466821432], [-256.39431762695312, -1884.9989013671875, 17.998842239379883], [-238.97283935546875, -1884.99853515625, 17.998582839965820], [-231.943359375, -1884.9990234375, 0.0014967641327530146], [-221.55140686035156, -1884.99853515625, 17.999288558959961], [-256.39431762695312, -1884.9989013671875, 0.0011514646466821432], [-256.39431762695312, -1884.9989013671875, 17.998842239379883], [-256.39431762695312, -1845.0010986328125, 17.998842239379883], [-256.39407348632812, -1865.0, 17.998582839965820], [-256.39431762695312, -1845.0010986328125, 0.0011514646466821432], [-256.39407348632812, -1865.0, 0.0014109776820987463], [-221.55140686035156, -1884.99853515625, 17.999288558959961], [-231.943359375, -1845.0009765625, 0.0014967641327530146], [-221.55192565917969, -1865.0, 17.998996734619141], [-231.94349670410156, -1865.0, 0.0017288149101659656], [-221.55140686035156, -1845.00146484375, 17.999288558959961], [-231.943359375, -1884.9990234375, 0.0014967641327530146], [-256.39431762695312, -1884.9989013671875, 0.0011514646466821432], [-231.943359375, -1884.9990234375, 0.0014967641327530146], [-256.39431762695312, -1845.0010986328125, 0.0011514646466821432], [-231.943359375, -1845.0009765625, 0.0014967641327530146], [-256.39407348632812, -1865.0, 0.0014109776820987463], [-231.94349670410156, -1865.0, 0.0017288149101659656]]}]}, "geometry": {"faces": [[6, 5, 7], [5, 1, 7], [6, 0, 5], [4, 2, 6], [4, 7, 3], [6, 7, 4], [8, 11, 10, 12], [12, 10, 9], [15, 16, 17], [14, 13, 16, 15], [18, 19, 21, 23], [20, 22, 23, 21], [29, 27, 26, 24], [28, 26, 27, 25], [30, 34, 35, 31], [33, 35, 34, 32]], "vertices": [[-256.39547729492188, -1885.0, 17.999996185302734], [-221.55018615722656, -1885.0, 17.999996185302734], [-256.39547729492188, -1845.0, 17.999996185302734], [-221.55018615722656, -1845.0, 17.999996185302734], [-238.97283935546875, -1845.0, 17.999996185302734], [-238.97283935546875, -1885.0, 17.999996185302734], [-256.39547729492188, -1865.0, 17.999996185302734], [-221.55018615722656, -1865.0, 17.999996185302734], [-256.39547729492188, -1845.0, -3.2359300803364022e-06], [-221.55018615722656, -1845.0, 17.999996185302734], [-238.97283935546875, -1845.0, 17.999996185302734], [-256.39547729492188, -1845.0, 17.999996185302734], [-231.94248962402344, -1845.0, -3.2359300803364022e-06], [-256.39547729492188, -1885.0, -3.2359300803364022e-06], [-256.39547729492188, -1885.0, 17.999996185302734], [-238.97283935546875, -1885.0, 17.999996185302734], [-231.94248962402344, -1885.0, -3.2359300803364022e-06], [-221.55018615722656, -1885.0, 17.999996185302734], [-256.39547729492188, -1885.0, -3.2359300803364022e-06], [-256.39547729492188, -1885.0, 17.999996185302734], [-256.39547729492188, -1845.0, 17.999996185302734], [-256.39547729492188, -1865.0, 17.999996185302734], [-256.39547729492188, -1845.0, -3.2359300803364022e-06], [-256.39547729492188, -1865.0, -3.2359300803364022e-06], [-221.55018615722656, -1885.0, 17.999996185302734], [-231.94248962402344, -1845.0, -3.2359300803364022e-06], [-221.55018615722656, -1865.0, 17.999996185302734], [-231.94248962402344, -1865.0, -3.2359300803364022e-06], [-221.55018615722656, -1845.0, 17.999996185302734], [-231.94248962402344, -1885.0, -3.2359300803364022e-06], [-256.39547729492188, -1885.0, -3.2359300803364022e-06], [-231.94248962402344, -1885.0, -3.2359300803364022e-06], [-256.39547729492188, -1845.0, -3.2359300803364022e-06], [-231.94248962402344, -1845.0, -3.2359300803364022e-06], [-256.39547729492188, -1865.0, -3.2359300803364022e-06], [-231.94248962402344, -1865.0, -3.2359300803364022e-06]]}, "id": null, "field": null, "name": "joint", "active_connections": [0, 1]}, {"class_type": "Part", "dim": 240.45443485144628, "conn_on_parent": null, "parent": null, "connections": [{"part": "tri", "plane": {"yaxis": [0.0, -0.70710678118657266, 0.70710678118652226], "xaxis": [0.0, 0.70710678118652226, 0.70710678118657266], "origin": [-256.39548937157923, -1589.2667307630893, 46.766713624514068]}, "type": "V", "id": 0}, {"part": "tri", "plane": {"yaxis": [0.0, -0.70710678118652215, -0.70710678118657289], "xaxis": [0.0, -0.70710678118657289, 0.70710678118652215], "origin": [-256.39548937157923, -1804.9343022609082, 168.90085140145629]}, "type": "V", "id": 1}, {"part": "tri", "plane": {"yaxis": [-0.0, 1.0, -1.8369701987210297e-16], "xaxis": [0.0, -1.8369701987210297e-16, -1.0], "origin": [-256.39548937157923, -1850.0, 8.9999967640698273]}, "type": "V", "id": 2}, {"part": "tri", "plane": {"yaxis": [1.8369701987210299e-16, 0.70710681098886863, -0.7071067513842253], "xaxis": [1.0, -1.2989341390992156e-16, 1.298934029607262e-16], "origin": [-265.39548937157929, -1716.0, 186.22790492278318]}, "type": "D", "id": 3}, {"part": "tri", "plane": {"yaxis": [1.8369701987210299e-16, 0.70710681098886863, 0.7071067513842253], "xaxis": [1.0, -1.2989341390992156e-16, -1.298934029607262e-16], "origin": [-265.39548937157929, -1944.3954935591769, 42.167582164545138]}, "type": "D", "id": 4}, {"part": "tri", "plane": {"yaxis": [1.8369701987210297e-16, -1.0, 1.8914994489313899e-14], "xaxis": [1.0, 1.8369701987210297e-16, -3.4746281185842134e-30], "origin": [-265.39548937157929, -1661.7720918412799, -3.2359355692790359e-06]}, "type": "D", "id": 5}], "conn_to_parent": null, "children": [], "transform": {"M33": 1.0, "M00": 1.0, "M10": 0.0, "M02": 0.0, "M11": 1.0, "M20": 0.0, "M21": 0.0, "M23": 0.0, "M30": 0.0, "M12": 0.0, "M22": 1.0, "M01": 0.0, "M31": 0.0, "M13": 0.0, "M32": 0.0, "M03": 0.0}, "collider": {"connections": [], "check_all": false, "valid_connections": [], "multiple": false, "geometry": [{"faces": [[0, 2, 3, 1], [4, 6, 7, 5], [8, 10, 11, 9], [14, 13, 12], [17, 15, 16]],